<?xml version="1.0" encoding="UTF-8"?><Bundle xmlns="http://hl7.org/fhir"><type value="collection"/><entry><resource><OperationOutcome><issue><extension url="http://hl7.org/fhir/StructureDefinition/operationoutcome-issue-source"><valueString value="Publisher"/></extension><severity value="warning"/><code value="not-found"/><details><text value="The HTML fragment 'ip-statements.xhtml' is not included anywhere in the produced implementation guide"/></details><expression value="1"/></issue><issue><extension url="http://hl7.org/fhir/StructureDefinition/operationoutcome-issue-source"><valueString value="Publisher"/></extension><severity value="warning"/><code value="not-found"/><details><text value="An HTML fragment from the set [cross-version-analysis.xhtml, cross-version-analysis-inline.xhtml] is not included anywhere in the produced implementation guide"/></details><expression value="2"/></issue><issue><extension url="http://hl7.org/fhir/StructureDefinition/operationoutcome-issue-source"><valueString value="Publisher"/></extension><severity value="warning"/><code value="not-found"/><details><text value="An HTML fragment from the set [dependency-table.xhtml, dependency-table-short.xhtml] is not included anywhere in the produced implementation guide"/></details><expression value="3"/></issue><issue><extension url="http://hl7.org/fhir/StructureDefinition/operationoutcome-issue-source"><valueString value="Publisher"/></extension><severity value="warning"/><code value="not-found"/><details><text value="The HTML fragment 'globals-table.xhtml' is not included anywhere in the produced implementation guide"/></details><expression value="4"/></issue></OperationOutcome></resource></entry><entry><resource><OperationOutcome><extension url="http://hl7.org/fhir/StructureDefinition/operationoutcome-file"><valueString value="C:\Users\Bryn\Documents\Src\Yale\mct-ig\input\mct-ig"/></extension><issue><extension url="http://hl7.org/fhir/StructureDefinition/operationoutcome-issue-line"><valueInteger value="1"/></extension><extension url="http://hl7.org/fhir/StructureDefinition/operationoutcome-issue-col"><valueInteger value="2613"/></extension><extension url="http://hl7.org/fhir/StructureDefinition/operationoutcome-issue-source"><valueString value="InstanceValidator"/></extension><extension url="http://hl7.org/fhir/StructureDefinition/operationoutcome-message-id"><valueCode value="Type_Specific_Checks_DT_URL_Resolve"/></extension><severity value="error"/><code value="structure"/><details><text value="URL value 'http://hl7.org/fhir/tools/StructureDefinition/ig-parameter' does not resolve"/></details><expression value="ImplementationGuide/cms.fhir.mct: ImplementationGuide.definition.extension[0].url"/></issue><issue><extension url="http://hl7.org/fhir/StructureDefinition/operationoutcome-issue-line"><valueInteger value="1"/></extension><extension url="http://hl7.org/fhir/StructureDefinition/operationoutcome-issue-col"><valueInteger value="2781"/></extension><extension url="http://hl7.org/fhir/StructureDefinition/operationoutcome-issue-source"><valueString value="InstanceValidator"/></extension><extension url="http://hl7.org/fhir/StructureDefinition/operationoutcome-message-id"><valueCode value="Type_Specific_Checks_DT_URL_Resolve"/></extension><severity value="error"/><code value="structure"/><details><text value="URL value 'http://hl7.org/fhir/tools/StructureDefinition/ig-parameter' does not resolve"/></details><expression value="ImplementationGuide/cms.fhir.mct: ImplementationGuide.definition.extension[1].url"/></issue><issue><extension url="http://hl7.org/fhir/StructureDefinition/operationoutcome-issue-line"><valueInteger value="1"/></extension><extension url="http://hl7.org/fhir/StructureDefinition/operationoutcome-issue-col"><valueInteger value="2956"/></extension><extension url="http://hl7.org/fhir/StructureDefinition/operationoutcome-issue-source"><valueString value="InstanceValidator"/></extension><extension url="http://hl7.org/fhir/StructureDefinition/operationoutcome-message-id"><valueCode value="Type_Specific_Checks_DT_URL_Resolve"/></extension><severity value="error"/><code value="structure"/><details><text value="URL value 'http://hl7.org/fhir/tools/StructureDefinition/ig-parameter' does not resolve"/></details><expression value="ImplementationGuide/cms.fhir.mct: ImplementationGuide.definition.extension[2].url"/></issue><issue><extension url="http://hl7.org/fhir/StructureDefinition/operationoutcome-issue-line"><valueInteger value="1"/></extension><extension url="http://hl7.org/fhir/StructureDefinition/operationoutcome-issue-col"><valueInteger value="3152"/></extension><extension url="http://hl7.org/fhir/StructureDefinition/operationoutcome-issue-source"><valueString value="InstanceValidator"/></extension><extension url="http://hl7.org/fhir/StructureDefinition/operationoutcome-message-id"><valueCode value="Type_Specific_Checks_DT_URL_Resolve"/></extension><severity value="error"/><code value="structure"/><details><text value="URL value 'http://hl7.org/fhir/tools/StructureDefinition/ig-parameter' does not resolve"/></details><expression value="ImplementationGuide/cms.fhir.mct: ImplementationGuide.definition.extension[3].url"/></issue><issue><extension url="http://hl7.org/fhir/StructureDefinition/operationoutcome-issue-line"><valueInteger value="1"/></extension><extension url="http://hl7.org/fhir/StructureDefinition/operationoutcome-issue-col"><valueInteger value="3322"/></extension><extension url="http://hl7.org/fhir/StructureDefinition/operationoutcome-issue-source"><valueString value="InstanceValidator"/></extension><extension url="http://hl7.org/fhir/StructureDefinition/operationoutcome-message-id"><valueCode value="Type_Specific_Checks_DT_URL_Resolve"/></extension><severity value="error"/><code value="structure"/><details><text value="URL value 'http://hl7.org/fhir/tools/StructureDefinition/ig-parameter' does not resolve"/></details><expression value="ImplementationGuide/cms.fhir.mct: ImplementationGuide.definition.extension[4].url"/></issue><issue><extension url="http://hl7.org/fhir/StructureDefinition/operationoutcome-issue-line"><valueInteger value="1"/></extension><extension url="http://hl7.org/fhir/StructureDefinition/operationoutcome-issue-col"><valueInteger value="3496"/></extension><extension url="http://hl7.org/fhir/StructureDefinition/operationoutcome-issue-source"><valueString value="InstanceValidator"/></extension><extension url="http://hl7.org/fhir/StructureDefinition/operationoutcome-message-id"><valueCode value="Type_Specific_Checks_DT_URL_Resolve"/></extension><severity value="error"/><code value="structure"/><details><text value="URL value 'http://hl7.org/fhir/tools/StructureDefinition/ig-parameter' does not resolve"/></details><expression value="ImplementationGuide/cms.fhir.mct: ImplementationGuide.definition.extension[5].url"/></issue><issue><extension url="http://hl7.org/fhir/StructureDefinition/operationoutcome-issue-line"><valueInteger value="1"/></extension><extension url="http://hl7.org/fhir/StructureDefinition/operationoutcome-issue-col"><valueInteger value="3667"/></extension><extension url="http://hl7.org/fhir/StructureDefinition/operationoutcome-issue-source"><valueString value="InstanceValidator"/></extension><extension url="http://hl7.org/fhir/StructureDefinition/operationoutcome-message-id"><valueCode value="Type_Specific_Checks_DT_URL_Resolve"/></extension><severity value="error"/><code value="structure"/><details><text value="URL value 'http://hl7.org/fhir/tools/StructureDefinition/ig-parameter' does not resolve"/></details><expression value="ImplementationGuide/cms.fhir.mct: ImplementationGuide.definition.extension[6].url"/></issue><issue><extension url="http://hl7.org/fhir/StructureDefinition/operationoutcome-issue-line"><valueInteger value="1"/></extension><extension url="http://hl7.org/fhir/StructureDefinition/operationoutcome-issue-col"><valueInteger value="3829"/></extension><extension url="http://hl7.org/fhir/StructureDefinition/operationoutcome-issue-source"><valueString value="InstanceValidator"/></extension><extension url="http://hl7.org/fhir/StructureDefinition/operationoutcome-message-id"><valueCode value="Type_Specific_Checks_DT_URL_Resolve"/></extension><severity value="error"/><code value="structure"/><details><text value="URL value 'http://hl7.org/fhir/tools/StructureDefinition/ig-parameter' does not resolve"/></details><expression value="ImplementationGuide/cms.fhir.mct: ImplementationGuide.definition.extension[7].url"/></issue><issue><extension url="http://hl7.org/fhir/StructureDefinition/operationoutcome-issue-line"><valueInteger value="1"/></extension><extension url="http://hl7.org/fhir/StructureDefinition/operationoutcome-issue-col"><valueInteger value="3996"/></extension><extension url="http://hl7.org/fhir/StructureDefinition/operationoutcome-issue-source"><valueString value="InstanceValidator"/></extension><extension url="http://hl7.org/fhir/StructureDefinition/operationoutcome-message-id"><valueCode value="Type_Specific_Checks_DT_URL_Resolve"/></extension><severity value="error"/><code value="structure"/><details><text value="URL value 'http://hl7.org/fhir/tools/StructureDefinition/ig-parameter' does not resolve"/></details><expression value="ImplementationGuide/cms.fhir.mct: ImplementationGuide.definition.extension[8].url"/></issue><issue><extension url="http://hl7.org/fhir/StructureDefinition/operationoutcome-issue-line"><valueInteger value="1"/></extension><extension url="http://hl7.org/fhir/StructureDefinition/operationoutcome-issue-col"><valueInteger value="4161"/></extension><extension url="http://hl7.org/fhir/StructureDefinition/operationoutcome-issue-source"><valueString value="InstanceValidator"/></extension><extension url="http://hl7.org/fhir/StructureDefinition/operationoutcome-message-id"><valueCode value="Type_Specific_Checks_DT_URL_Resolve"/></extension><severity value="error"/><code value="structure"/><details><text value="URL value 'http://hl7.org/fhir/tools/StructureDefinition/ig-parameter' does not resolve"/></details><expression value="ImplementationGuide/cms.fhir.mct: ImplementationGuide.definition.extension[9].url"/></issue><issue><extension url="http://hl7.org/fhir/StructureDefinition/operationoutcome-issue-line"><valueInteger value="1"/></extension><extension url="http://hl7.org/fhir/StructureDefinition/operationoutcome-issue-col"><valueInteger value="4357"/></extension><extension url="http://hl7.org/fhir/StructureDefinition/operationoutcome-issue-source"><valueString value="InstanceValidator"/></extension><extension url="http://hl7.org/fhir/StructureDefinition/operationoutcome-message-id"><valueCode value="Type_Specific_Checks_DT_URL_Resolve"/></extension><severity value="error"/><code value="structure"/><details><text value="URL value 'http://hl7.org/fhir/tools/StructureDefinition/ig-parameter' does not resolve"/></details><expression value="ImplementationGuide/cms.fhir.mct: ImplementationGuide.definition.extension[10].url"/></issue><issue><extension url="http://hl7.org/fhir/StructureDefinition/operationoutcome-issue-line"><valueInteger value="1"/></extension><extension url="http://hl7.org/fhir/StructureDefinition/operationoutcome-issue-col"><valueInteger value="4536"/></extension><extension url="http://hl7.org/fhir/StructureDefinition/operationoutcome-issue-source"><valueString value="InstanceValidator"/></extension><extension url="http://hl7.org/fhir/StructureDefinition/operationoutcome-message-id"><valueCode value="Type_Specific_Checks_DT_URL_Resolve"/></extension><severity value="error"/><code value="structure"/><details><text value="URL value 'http://hl7.org/fhir/tools/StructureDefinition/ig-parameter' does not resolve"/></details><expression value="ImplementationGuide/cms.fhir.mct: ImplementationGuide.definition.extension[11].url"/></issue><issue><extension url="http://hl7.org/fhir/StructureDefinition/operationoutcome-issue-line"><valueInteger value="1"/></extension><extension url="http://hl7.org/fhir/StructureDefinition/operationoutcome-issue-col"><valueInteger value="4716"/></extension><extension url="http://hl7.org/fhir/StructureDefinition/operationoutcome-issue-source"><valueString value="InstanceValidator"/></extension><extension url="http://hl7.org/fhir/StructureDefinition/operationoutcome-message-id"><valueCode value="Type_Specific_Checks_DT_URL_Resolve"/></extension><severity value="error"/><code value="structure"/><details><text value="URL value 'http://hl7.org/fhir/tools/StructureDefinition/ig-parameter' does not resolve"/></details><expression value="ImplementationGuide/cms.fhir.mct: ImplementationGuide.definition.extension[12].url"/></issue><issue><extension url="http://hl7.org/fhir/StructureDefinition/operationoutcome-issue-line"><valueInteger value="1"/></extension><extension url="http://hl7.org/fhir/StructureDefinition/operationoutcome-issue-col"><valueInteger value="4881"/></extension><extension url="http://hl7.org/fhir/StructureDefinition/operationoutcome-issue-source"><valueString value="InstanceValidator"/></extension><extension url="http://hl7.org/fhir/StructureDefinition/operationoutcome-message-id"><valueCode value="Type_Specific_Checks_DT_URL_Resolve"/></extension><severity value="error"/><code value="structure"/><details><text value="URL value 'http://hl7.org/fhir/tools/StructureDefinition/ig-parameter' does not resolve"/></details><expression value="ImplementationGuide/cms.fhir.mct: ImplementationGuide.definition.extension[13].url"/></issue><issue><extension url="http://hl7.org/fhir/StructureDefinition/operationoutcome-issue-line"><valueInteger value="1"/></extension><extension url="http://hl7.org/fhir/StructureDefinition/operationoutcome-issue-col"><valueInteger value="5046"/></extension><extension url="http://hl7.org/fhir/StructureDefinition/operationoutcome-issue-source"><valueString value="InstanceValidator"/></extension><extension url="http://hl7.org/fhir/StructureDefinition/operationoutcome-message-id"><valueCode value="Type_Specific_Checks_DT_URL_Resolve"/></extension><severity value="error"/><code value="structure"/><details><text value="URL value 'http://hl7.org/fhir/tools/StructureDefinition/ig-parameter' does not resolve"/></details><expression value="ImplementationGuide/cms.fhir.mct: ImplementationGuide.definition.extension[14].url"/></issue><issue><extension url="http://hl7.org/fhir/StructureDefinition/operationoutcome-issue-line"><valueInteger value="1"/></extension><extension url="http://hl7.org/fhir/StructureDefinition/operationoutcome-issue-col"><valueInteger value="5213"/></extension><extension url="http://hl7.org/fhir/StructureDefinition/operationoutcome-issue-source"><valueString value="InstanceValidator"/></extension><extension url="http://hl7.org/fhir/StructureDefinition/operationoutcome-message-id"><valueCode value="Type_Specific_Checks_DT_URL_Resolve"/></extension><severity value="error"/><code value="structure"/><details><text value="URL value 'http://hl7.org/fhir/tools/StructureDefinition/ig-parameter' does not resolve"/></details><expression value="ImplementationGuide/cms.fhir.mct: ImplementationGuide.definition.extension[15].url"/></issue><issue><extension url="http://hl7.org/fhir/StructureDefinition/operationoutcome-issue-line"><valueInteger value="1"/></extension><extension url="http://hl7.org/fhir/StructureDefinition/operationoutcome-issue-col"><valueInteger value="5383"/></extension><extension url="http://hl7.org/fhir/StructureDefinition/operationoutcome-issue-source"><valueString value="InstanceValidator"/></extension><extension url="http://hl7.org/fhir/StructureDefinition/operationoutcome-message-id"><valueCode value="Type_Specific_Checks_DT_URL_Resolve"/></extension><severity value="error"/><code value="structure"/><details><text value="URL value 'http://hl7.org/fhir/tools/StructureDefinition/ig-parameter' does not resolve"/></details><expression value="ImplementationGuide/cms.fhir.mct: ImplementationGuide.definition.extension[16].url"/></issue><issue><extension url="http://hl7.org/fhir/StructureDefinition/operationoutcome-issue-line"><valueInteger value="1"/></extension><extension url="http://hl7.org/fhir/StructureDefinition/operationoutcome-issue-col"><valueInteger value="5548"/></extension><extension url="http://hl7.org/fhir/StructureDefinition/operationoutcome-issue-source"><valueString value="InstanceValidator"/></extension><extension url="http://hl7.org/fhir/StructureDefinition/operationoutcome-message-id"><valueCode value="Type_Specific_Checks_DT_URL_Resolve"/></extension><severity value="error"/><code value="structure"/><details><text value="URL value 'http://hl7.org/fhir/tools/StructureDefinition/ig-parameter' does not resolve"/></details><expression value="ImplementationGuide/cms.fhir.mct: ImplementationGuide.definition.extension[17].url"/></issue><issue><extension url="http://hl7.org/fhir/StructureDefinition/operationoutcome-issue-line"><valueInteger value="1"/></extension><extension url="http://hl7.org/fhir/StructureDefinition/operationoutcome-issue-col"><valueInteger value="5715"/></extension><extension url="http://hl7.org/fhir/StructureDefinition/operationoutcome-issue-source"><valueString value="InstanceValidator"/></extension><extension url="http://hl7.org/fhir/StructureDefinition/operationoutcome-message-id"><valueCode value="Type_Specific_Checks_DT_URL_Resolve"/></extension><severity value="error"/><code value="structure"/><details><text value="URL value 'http://hl7.org/fhir/tools/StructureDefinition/ig-parameter' does not resolve"/></details><expression value="ImplementationGuide/cms.fhir.mct: ImplementationGuide.definition.extension[18].url"/></issue><issue><extension url="http://hl7.org/fhir/StructureDefinition/operationoutcome-issue-line"><valueInteger value="1"/></extension><extension url="http://hl7.org/fhir/StructureDefinition/operationoutcome-issue-col"><valueInteger value="5880"/></extension><extension url="http://hl7.org/fhir/StructureDefinition/operationoutcome-issue-source"><valueString value="InstanceValidator"/></extension><extension url="http://hl7.org/fhir/StructureDefinition/operationoutcome-message-id"><valueCode value="Type_Specific_Checks_DT_URL_Resolve"/></extension><severity value="error"/><code value="structure"/><details><text value="URL value 'http://hl7.org/fhir/tools/StructureDefinition/ig-parameter' does not resolve"/></details><expression value="ImplementationGuide/cms.fhir.mct: ImplementationGuide.definition.extension[19].url"/></issue><issue><extension url="http://hl7.org/fhir/StructureDefinition/operationoutcome-issue-line"><valueInteger value="1"/></extension><extension url="http://hl7.org/fhir/StructureDefinition/operationoutcome-issue-col"><valueInteger value="6045"/></extension><extension url="http://hl7.org/fhir/StructureDefinition/operationoutcome-issue-source"><valueString value="InstanceValidator"/></extension><extension url="http://hl7.org/fhir/StructureDefinition/operationoutcome-message-id"><valueCode value="Type_Specific_Checks_DT_URL_Resolve"/></extension><severity value="error"/><code value="structure"/><details><text value="URL value 'http://hl7.org/fhir/tools/StructureDefinition/ig-parameter' does not resolve"/></details><expression value="ImplementationGuide/cms.fhir.mct: ImplementationGuide.definition.extension[20].url"/></issue><issue><extension url="http://hl7.org/fhir/StructureDefinition/operationoutcome-issue-line"><valueInteger value="1"/></extension><extension url="http://hl7.org/fhir/StructureDefinition/operationoutcome-issue-col"><valueInteger value="6249"/></extension><extension url="http://hl7.org/fhir/StructureDefinition/operationoutcome-issue-source"><valueString value="InstanceValidator"/></extension><extension url="http://hl7.org/fhir/StructureDefinition/operationoutcome-message-id"><valueCode value="Type_Specific_Checks_DT_URL_Resolve"/></extension><severity value="error"/><code value="structure"/><details><text value="URL value 'http://hl7.org/fhir/tools/StructureDefinition/ig-parameter' does not resolve"/></details><expression value="ImplementationGuide/cms.fhir.mct: ImplementationGuide.definition.extension[21].url"/></issue><issue><extension url="http://hl7.org/fhir/StructureDefinition/operationoutcome-issue-line"><valueInteger value="1"/></extension><extension url="http://hl7.org/fhir/StructureDefinition/operationoutcome-issue-col"><valueInteger value="6417"/></extension><extension url="http://hl7.org/fhir/StructureDefinition/operationoutcome-issue-source"><valueString value="InstanceValidator"/></extension><extension url="http://hl7.org/fhir/StructureDefinition/operationoutcome-message-id"><valueCode value="Type_Specific_Checks_DT_URL_Resolve"/></extension><severity value="error"/><code value="structure"/><details><text value="URL value 'http://hl7.org/fhir/tools/StructureDefinition/ig-parameter' does not resolve"/></details><expression value="ImplementationGuide/cms.fhir.mct: ImplementationGuide.definition.extension[22].url"/></issue><issue><extension url="http://hl7.org/fhir/StructureDefinition/operationoutcome-issue-line"><valueInteger value="1"/></extension><extension url="http://hl7.org/fhir/StructureDefinition/operationoutcome-issue-col"><valueInteger value="6591"/></extension><extension url="http://hl7.org/fhir/StructureDefinition/operationoutcome-issue-source"><valueString value="InstanceValidator"/></extension><extension url="http://hl7.org/fhir/StructureDefinition/operationoutcome-message-id"><valueCode value="Type_Specific_Checks_DT_URL_Resolve"/></extension><severity value="error"/><code value="structure"/><details><text value="URL value 'http://hl7.org/fhir/tools/StructureDefinition/ig-parameter' does not resolve"/></details><expression value="ImplementationGuide/cms.fhir.mct: ImplementationGuide.definition.extension[23].url"/></issue><issue><extension url="http://hl7.org/fhir/StructureDefinition/operationoutcome-issue-line"><valueInteger value="1"/></extension><extension url="http://hl7.org/fhir/StructureDefinition/operationoutcome-issue-col"><valueInteger value="6759"/></extension><extension url="http://hl7.org/fhir/StructureDefinition/operationoutcome-issue-source"><valueString value="InstanceValidator"/></extension><extension url="http://hl7.org/fhir/StructureDefinition/operationoutcome-message-id"><valueCode value="Type_Specific_Checks_DT_URL_Resolve"/></extension><severity value="error"/><code value="structure"/><details><text value="URL value 'http://hl7.org/fhir/tools/StructureDefinition/ig-parameter' does not resolve"/></details><expression value="ImplementationGuide/cms.fhir.mct: ImplementationGuide.definition.extension[24].url"/></issue><issue><extension url="http://hl7.org/fhir/StructureDefinition/operationoutcome-issue-line"><valueInteger value="1"/></extension><extension url="http://hl7.org/fhir/StructureDefinition/operationoutcome-issue-col"><valueInteger value="6925"/></extension><extension url="http://hl7.org/fhir/StructureDefinition/operationoutcome-issue-source"><valueString value="InstanceValidator"/></extension><extension url="http://hl7.org/fhir/StructureDefinition/operationoutcome-message-id"><valueCode value="Type_Specific_Checks_DT_URL_Resolve"/></extension><severity value="error"/><code value="structure"/><details><text value="URL value 'http://hl7.org/fhir/tools/StructureDefinition/ig-parameter' does not resolve"/></details><expression value="ImplementationGuide/cms.fhir.mct: ImplementationGuide.definition.extension[25].url"/></issue><issue><extension url="http://hl7.org/fhir/StructureDefinition/operationoutcome-issue-line"><valueInteger value="1"/></extension><extension url="http://hl7.org/fhir/StructureDefinition/operationoutcome-issue-col"><valueInteger value="7093"/></extension><extension url="http://hl7.org/fhir/StructureDefinition/operationoutcome-issue-source"><valueString value="InstanceValidator"/></extension><extension url="http://hl7.org/fhir/StructureDefinition/operationoutcome-message-id"><valueCode value="Type_Specific_Checks_DT_URL_Resolve"/></extension><severity value="error"/><code value="structure"/><details><text value="URL value 'http://hl7.org/fhir/tools/StructureDefinition/ig-parameter' does not resolve"/></details><expression value="ImplementationGuide/cms.fhir.mct: ImplementationGuide.definition.extension[26].url"/></issue><issue><extension url="http://hl7.org/fhir/StructureDefinition/operationoutcome-issue-line"><valueInteger value="1"/></extension><extension url="http://hl7.org/fhir/StructureDefinition/operationoutcome-issue-col"><valueInteger value="7268"/></extension><extension url="http://hl7.org/fhir/StructureDefinition/operationoutcome-issue-source"><valueString value="InstanceValidator"/></extension><extension url="http://hl7.org/fhir/StructureDefinition/operationoutcome-message-id"><valueCode value="Type_Specific_Checks_DT_URL_Resolve"/></extension><severity value="error"/><code value="structure"/><details><text value="URL value 'http://hl7.org/fhir/tools/StructureDefinition/ig-parameter' does not resolve"/></details><expression value="ImplementationGuide/cms.fhir.mct: ImplementationGuide.definition.extension[27].url"/></issue><issue><extension url="http://hl7.org/fhir/StructureDefinition/operationoutcome-issue-line"><valueInteger value="1"/></extension><extension url="http://hl7.org/fhir/StructureDefinition/operationoutcome-issue-col"><valueInteger value="7464"/></extension><extension url="http://hl7.org/fhir/StructureDefinition/operationoutcome-issue-source"><valueString value="InstanceValidator"/></extension><extension url="http://hl7.org/fhir/StructureDefinition/operationoutcome-message-id"><valueCode value="Type_Specific_Checks_DT_URL_Resolve"/></extension><severity value="error"/><code value="structure"/><details><text value="URL value 'http://hl7.org/fhir/tools/StructureDefinition/ig-parameter' does not resolve"/></details><expression value="ImplementationGuide/cms.fhir.mct: ImplementationGuide.definition.extension[28].url"/></issue><issue><extension url="http://hl7.org/fhir/StructureDefinition/operationoutcome-issue-line"><valueInteger value="1"/></extension><extension url="http://hl7.org/fhir/StructureDefinition/operationoutcome-issue-col"><valueInteger value="7634"/></extension><extension url="http://hl7.org/fhir/StructureDefinition/operationoutcome-issue-source"><valueString value="InstanceValidator"/></extension><extension url="http://hl7.org/fhir/StructureDefinition/operationoutcome-message-id"><valueCode value="Type_Specific_Checks_DT_URL_Resolve"/></extension><severity value="error"/><code value="structure"/><details><text value="URL value 'http://hl7.org/fhir/tools/StructureDefinition/ig-parameter' does not resolve"/></details><expression value="ImplementationGuide/cms.fhir.mct: ImplementationGuide.definition.extension[29].url"/></issue><issue><extension url="http://hl7.org/fhir/StructureDefinition/operationoutcome-issue-line"><valueInteger value="1"/></extension><extension url="http://hl7.org/fhir/StructureDefinition/operationoutcome-issue-col"><valueInteger value="7808"/></extension><extension url="http://hl7.org/fhir/StructureDefinition/operationoutcome-issue-source"><valueString value="InstanceValidator"/></extension><extension url="http://hl7.org/fhir/StructureDefinition/operationoutcome-message-id"><valueCode value="Type_Specific_Checks_DT_URL_Resolve"/></extension><severity value="error"/><code value="structure"/><details><text value="URL value 'http://hl7.org/fhir/tools/StructureDefinition/ig-parameter' does not resolve"/></details><expression value="ImplementationGuide/cms.fhir.mct: ImplementationGuide.definition.extension[30].url"/></issue><issue><extension url="http://hl7.org/fhir/StructureDefinition/operationoutcome-issue-line"><valueInteger value="1"/></extension><extension url="http://hl7.org/fhir/StructureDefinition/operationoutcome-issue-col"><valueInteger value="7979"/></extension><extension url="http://hl7.org/fhir/StructureDefinition/operationoutcome-issue-source"><valueString value="InstanceValidator"/></extension><extension url="http://hl7.org/fhir/StructureDefinition/operationoutcome-message-id"><valueCode value="Type_Specific_Checks_DT_URL_Resolve"/></extension><severity value="error"/><code value="structure"/><details><text value="URL value 'http://hl7.org/fhir/tools/StructureDefinition/ig-parameter' does not resolve"/></details><expression value="ImplementationGuide/cms.fhir.mct: ImplementationGuide.definition.extension[31].url"/></issue><issue><extension url="http://hl7.org/fhir/StructureDefinition/operationoutcome-issue-line"><valueInteger value="1"/></extension><extension url="http://hl7.org/fhir/StructureDefinition/operationoutcome-issue-col"><valueInteger value="8141"/></extension><extension url="http://hl7.org/fhir/StructureDefinition/operationoutcome-issue-source"><valueString value="InstanceValidator"/></extension><extension url="http://hl7.org/fhir/StructureDefinition/operationoutcome-message-id"><valueCode value="Type_Specific_Checks_DT_URL_Resolve"/></extension><severity value="error"/><code value="structure"/><details><text value="URL value 'http://hl7.org/fhir/tools/StructureDefinition/ig-parameter' does not resolve"/></details><expression value="ImplementationGuide/cms.fhir.mct: ImplementationGuide.definition.extension[32].url"/></issue><issue><extension url="http://hl7.org/fhir/StructureDefinition/operationoutcome-issue-line"><valueInteger value="1"/></extension><extension url="http://hl7.org/fhir/StructureDefinition/operationoutcome-issue-col"><valueInteger value="8308"/></extension><extension url="http://hl7.org/fhir/StructureDefinition/operationoutcome-issue-source"><valueString value="InstanceValidator"/></extension><extension url="http://hl7.org/fhir/StructureDefinition/operationoutcome-message-id"><valueCode value="Type_Specific_Checks_DT_URL_Resolve"/></extension><severity value="error"/><code value="structure"/><details><text value="URL value 'http://hl7.org/fhir/tools/StructureDefinition/ig-parameter' does not resolve"/></details><expression value="ImplementationGuide/cms.fhir.mct: ImplementationGuide.definition.extension[33].url"/></issue><issue><extension url="http://hl7.org/fhir/StructureDefinition/operationoutcome-issue-line"><valueInteger value="1"/></extension><extension url="http://hl7.org/fhir/StructureDefinition/operationoutcome-issue-col"><valueInteger value="8473"/></extension><extension url="http://hl7.org/fhir/StructureDefinition/operationoutcome-issue-source"><valueString value="InstanceValidator"/></extension><extension url="http://hl7.org/fhir/StructureDefinition/operationoutcome-message-id"><valueCode value="Type_Specific_Checks_DT_URL_Resolve"/></extension><severity value="error"/><code value="structure"/><details><text value="URL value 'http://hl7.org/fhir/tools/StructureDefinition/ig-parameter' does not resolve"/></details><expression value="ImplementationGuide/cms.fhir.mct: ImplementationGuide.definition.extension[34].url"/></issue><issue><extension url="http://hl7.org/fhir/StructureDefinition/operationoutcome-issue-line"><valueInteger value="1"/></extension><extension url="http://hl7.org/fhir/StructureDefinition/operationoutcome-issue-col"><valueInteger value="8669"/></extension><extension url="http://hl7.org/fhir/StructureDefinition/operationoutcome-issue-source"><valueString value="InstanceValidator"/></extension><extension url="http://hl7.org/fhir/StructureDefinition/operationoutcome-message-id"><valueCode value="Type_Specific_Checks_DT_URL_Resolve"/></extension><severity value="error"/><code value="structure"/><details><text value="URL value 'http://hl7.org/fhir/tools/StructureDefinition/ig-parameter' does not resolve"/></details><expression value="ImplementationGuide/cms.fhir.mct: ImplementationGuide.definition.extension[35].url"/></issue><issue><extension url="http://hl7.org/fhir/StructureDefinition/operationoutcome-issue-line"><valueInteger value="1"/></extension><extension url="http://hl7.org/fhir/StructureDefinition/operationoutcome-issue-col"><valueInteger value="8848"/></extension><extension url="http://hl7.org/fhir/StructureDefinition/operationoutcome-issue-source"><valueString value="InstanceValidator"/></extension><extension url="http://hl7.org/fhir/StructureDefinition/operationoutcome-message-id"><valueCode value="Type_Specific_Checks_DT_URL_Resolve"/></extension><severity value="error"/><code value="structure"/><details><text value="URL value 'http://hl7.org/fhir/tools/StructureDefinition/ig-parameter' does not resolve"/></details><expression value="ImplementationGuide/cms.fhir.mct: ImplementationGuide.definition.extension[36].url"/></issue><issue><extension url="http://hl7.org/fhir/StructureDefinition/operationoutcome-issue-line"><valueInteger value="1"/></extension><extension url="http://hl7.org/fhir/StructureDefinition/operationoutcome-issue-col"><valueInteger value="9028"/></extension><extension url="http://hl7.org/fhir/StructureDefinition/operationoutcome-issue-source"><valueString value="InstanceValidator"/></extension><extension url="http://hl7.org/fhir/StructureDefinition/operationoutcome-message-id"><valueCode value="Type_Specific_Checks_DT_URL_Resolve"/></extension><severity value="error"/><code value="structure"/><details><text value="URL value 'http://hl7.org/fhir/tools/StructureDefinition/ig-parameter' does not resolve"/></details><expression value="ImplementationGuide/cms.fhir.mct: ImplementationGuide.definition.extension[37].url"/></issue><issue><extension url="http://hl7.org/fhir/StructureDefinition/operationoutcome-issue-line"><valueInteger value="1"/></extension><extension url="http://hl7.org/fhir/StructureDefinition/operationoutcome-issue-col"><valueInteger value="9193"/></extension><extension url="http://hl7.org/fhir/StructureDefinition/operationoutcome-issue-source"><valueString value="InstanceValidator"/></extension><extension url="http://hl7.org/fhir/StructureDefinition/operationoutcome-message-id"><valueCode value="Type_Specific_Checks_DT_URL_Resolve"/></extension><severity value="error"/><code value="structure"/><details><text value="URL value 'http://hl7.org/fhir/tools/StructureDefinition/ig-parameter' does not resolve"/></details><expression value="ImplementationGuide/cms.fhir.mct: ImplementationGuide.definition.extension[38].url"/></issue><issue><extension url="http://hl7.org/fhir/StructureDefinition/operationoutcome-issue-line"><valueInteger value="1"/></extension><extension url="http://hl7.org/fhir/StructureDefinition/operationoutcome-issue-col"><valueInteger value="9358"/></extension><extension url="http://hl7.org/fhir/StructureDefinition/operationoutcome-issue-source"><valueString value="InstanceValidator"/></extension><extension url="http://hl7.org/fhir/StructureDefinition/operationoutcome-message-id"><valueCode value="Type_Specific_Checks_DT_URL_Resolve"/></extension><severity value="error"/><code value="structure"/><details><text value="URL value 'http://hl7.org/fhir/tools/StructureDefinition/ig-parameter' does not resolve"/></details><expression value="ImplementationGuide/cms.fhir.mct: ImplementationGuide.definition.extension[39].url"/></issue><issue><extension url="http://hl7.org/fhir/StructureDefinition/operationoutcome-issue-line"><valueInteger value="1"/></extension><extension url="http://hl7.org/fhir/StructureDefinition/operationoutcome-issue-col"><valueInteger value="9525"/></extension><extension url="http://hl7.org/fhir/StructureDefinition/operationoutcome-issue-source"><valueString value="InstanceValidator"/></extension><extension url="http://hl7.org/fhir/StructureDefinition/operationoutcome-message-id"><valueCode value="Type_Specific_Checks_DT_URL_Resolve"/></extension><severity value="error"/><code value="structure"/><details><text value="URL value 'http://hl7.org/fhir/tools/StructureDefinition/ig-parameter' does not resolve"/></details><expression value="ImplementationGuide/cms.fhir.mct: ImplementationGuide.definition.extension[40].url"/></issue><issue><extension url="http://hl7.org/fhir/StructureDefinition/operationoutcome-issue-line"><valueInteger value="1"/></extension><extension url="http://hl7.org/fhir/StructureDefinition/operationoutcome-issue-col"><valueInteger value="9695"/></extension><extension url="http://hl7.org/fhir/StructureDefinition/operationoutcome-issue-source"><valueString value="InstanceValidator"/></extension><extension url="http://hl7.org/fhir/StructureDefinition/operationoutcome-message-id"><valueCode value="Type_Specific_Checks_DT_URL_Resolve"/></extension><severity value="error"/><code value="structure"/><details><text value="URL value 'http://hl7.org/fhir/tools/StructureDefinition/ig-parameter' does not resolve"/></details><expression value="ImplementationGuide/cms.fhir.mct: ImplementationGuide.definition.extension[41].url"/></issue><issue><extension url="http://hl7.org/fhir/StructureDefinition/operationoutcome-issue-line"><valueInteger value="1"/></extension><extension url="http://hl7.org/fhir/StructureDefinition/operationoutcome-issue-col"><valueInteger value="9860"/></extension><extension url="http://hl7.org/fhir/StructureDefinition/operationoutcome-issue-source"><valueString value="InstanceValidator"/></extension><extension url="http://hl7.org/fhir/StructureDefinition/operationoutcome-message-id"><valueCode value="Type_Specific_Checks_DT_URL_Resolve"/></extension><severity value="error"/><code value="structure"/><details><text value="URL value 'http://hl7.org/fhir/tools/StructureDefinition/ig-parameter' does not resolve"/></details><expression value="ImplementationGuide/cms.fhir.mct: ImplementationGuide.definition.extension[42].url"/></issue><issue><extension url="http://hl7.org/fhir/StructureDefinition/operationoutcome-issue-line"><valueInteger value="1"/></extension><extension url="http://hl7.org/fhir/StructureDefinition/operationoutcome-issue-col"><valueInteger value="10027"/></extension><extension url="http://hl7.org/fhir/StructureDefinition/operationoutcome-issue-source"><valueString value="InstanceValidator"/></extension><extension url="http://hl7.org/fhir/StructureDefinition/operationoutcome-message-id"><valueCode value="Type_Specific_Checks_DT_URL_Resolve"/></extension><severity value="error"/><code value="structure"/><details><text value="URL value 'http://hl7.org/fhir/tools/StructureDefinition/ig-parameter' does not resolve"/></details><expression value="ImplementationGuide/cms.fhir.mct: ImplementationGuide.definition.extension[43].url"/></issue><issue><extension url="http://hl7.org/fhir/StructureDefinition/operationoutcome-issue-line"><valueInteger value="1"/></extension><extension url="http://hl7.org/fhir/StructureDefinition/operationoutcome-issue-col"><valueInteger value="10192"/></extension><extension url="http://hl7.org/fhir/StructureDefinition/operationoutcome-issue-source"><valueString value="InstanceValidator"/></extension><extension url="http://hl7.org/fhir/StructureDefinition/operationoutcome-message-id"><valueCode value="Type_Specific_Checks_DT_URL_Resolve"/></extension><severity value="error"/><code value="structure"/><details><text value="URL value 'http://hl7.org/fhir/tools/StructureDefinition/ig-parameter' does not resolve"/></details><expression value="ImplementationGuide/cms.fhir.mct: ImplementationGuide.definition.extension[44].url"/></issue><issue><extension url="http://hl7.org/fhir/StructureDefinition/operationoutcome-issue-line"><valueInteger value="1"/></extension><extension url="http://hl7.org/fhir/StructureDefinition/operationoutcome-issue-col"><valueInteger value="10357"/></extension><extension url="http://hl7.org/fhir/StructureDefinition/operationoutcome-issue-source"><valueString value="InstanceValidator"/></extension><extension url="http://hl7.org/fhir/StructureDefinition/operationoutcome-message-id"><valueCode value="Type_Specific_Checks_DT_URL_Resolve"/></extension><severity value="error"/><code value="structure"/><details><text value="URL value 'http://hl7.org/fhir/tools/StructureDefinition/ig-parameter' does not resolve"/></details><expression value="ImplementationGuide/cms.fhir.mct: ImplementationGuide.definition.extension[45].url"/></issue><issue><extension url="http://hl7.org/fhir/StructureDefinition/operationoutcome-issue-line"><valueInteger value="1"/></extension><extension url="http://hl7.org/fhir/StructureDefinition/operationoutcome-issue-col"><valueInteger value="10561"/></extension><extension url="http://hl7.org/fhir/StructureDefinition/operationoutcome-issue-source"><valueString value="InstanceValidator"/></extension><extension url="http://hl7.org/fhir/StructureDefinition/operationoutcome-message-id"><valueCode value="Type_Specific_Checks_DT_URL_Resolve"/></extension><severity value="error"/><code value="structure"/><details><text value="URL value 'http://hl7.org/fhir/tools/StructureDefinition/ig-parameter' does not resolve"/></details><expression value="ImplementationGuide/cms.fhir.mct: ImplementationGuide.definition.extension[46].url"/></issue><issue><extension url="http://hl7.org/fhir/StructureDefinition/operationoutcome-issue-line"><valueInteger value="1"/></extension><extension url="http://hl7.org/fhir/StructureDefinition/operationoutcome-issue-col"><valueInteger value="10729"/></extension><extension url="http://hl7.org/fhir/StructureDefinition/operationoutcome-issue-source"><valueString value="InstanceValidator"/></extension><extension url="http://hl7.org/fhir/StructureDefinition/operationoutcome-message-id"><valueCode value="Type_Specific_Checks_DT_URL_Resolve"/></extension><severity value="error"/><code value="structure"/><details><text value="URL value 'http://hl7.org/fhir/tools/StructureDefinition/ig-parameter' does not resolve"/></details><expression value="ImplementationGuide/cms.fhir.mct: ImplementationGuide.definition.extension[47].url"/></issue><issue><extension url="http://hl7.org/fhir/StructureDefinition/operationoutcome-issue-line"><valueInteger value="1"/></extension><extension url="http://hl7.org/fhir/StructureDefinition/operationoutcome-issue-col"><valueInteger value="10903"/></extension><extension url="http://hl7.org/fhir/StructureDefinition/operationoutcome-issue-source"><valueString value="InstanceValidator"/></extension><extension url="http://hl7.org/fhir/StructureDefinition/operationoutcome-message-id"><valueCode value="Type_Specific_Checks_DT_URL_Resolve"/></extension><severity value="error"/><code value="structure"/><details><text value="URL value 'http://hl7.org/fhir/tools/StructureDefinition/ig-parameter' does not resolve"/></details><expression value="ImplementationGuide/cms.fhir.mct: ImplementationGuide.definition.extension[48].url"/></issue><issue><extension url="http://hl7.org/fhir/StructureDefinition/operationoutcome-issue-line"><valueInteger value="1"/></extension><extension url="http://hl7.org/fhir/StructureDefinition/operationoutcome-issue-col"><valueInteger value="11071"/></extension><extension url="http://hl7.org/fhir/StructureDefinition/operationoutcome-issue-source"><valueString value="InstanceValidator"/></extension><extension url="http://hl7.org/fhir/StructureDefinition/operationoutcome-message-id"><valueCode value="Type_Specific_Checks_DT_URL_Resolve"/></extension><severity value="error"/><code value="structure"/><details><text value="URL value 'http://hl7.org/fhir/tools/StructureDefinition/ig-parameter' does not resolve"/></details><expression value="ImplementationGuide/cms.fhir.mct: ImplementationGuide.definition.extension[49].url"/></issue><issue><extension url="http://hl7.org/fhir/StructureDefinition/operationoutcome-issue-line"><valueInteger value="1"/></extension><extension url="http://hl7.org/fhir/StructureDefinition/operationoutcome-issue-col"><valueInteger value="14659"/></extension><extension url="http://hl7.org/fhir/StructureDefinition/operationoutcome-issue-source"><valueString value="InstanceValidator"/></extension><extension url="http://hl7.org/fhir/StructureDefinition/operationoutcome-message-id"><valueCode value="Type_Specific_Checks_DT_URL_Resolve"/></extension><severity value="error"/><code value="structure"/><details><text value="URL value 'http://hl7.org/fhir/tools/StructureDefinition/ig-page-name' does not resolve"/></details><expression value="ImplementationGuide/cms.fhir.mct: ImplementationGuide.definition.page.extension[0].url"/></issue><issue><extension url="http://hl7.org/fhir/StructureDefinition/operationoutcome-issue-line"><valueInteger value="1"/></extension><extension url="http://hl7.org/fhir/StructureDefinition/operationoutcome-issue-col"><valueInteger value="14842"/></extension><extension url="http://hl7.org/fhir/StructureDefinition/operationoutcome-issue-source"><valueString value="InstanceValidator"/></extension><extension url="http://hl7.org/fhir/StructureDefinition/operationoutcome-message-id"><valueCode value="Type_Specific_Checks_DT_URL_Resolve"/></extension><severity value="error"/><code value="structure"/><details><text value="URL value 'http://hl7.org/fhir/tools/StructureDefinition/ig-page-name' does not resolve"/></details><expression value="ImplementationGuide/cms.fhir.mct: ImplementationGuide.definition.page.page[0].extension[0].url"/></issue><issue><extension url="http://hl7.org/fhir/StructureDefinition/operationoutcome-issue-line"><valueInteger value="1"/></extension><extension url="http://hl7.org/fhir/StructureDefinition/operationoutcome-issue-col"><valueInteger value="15021"/></extension><extension url="http://hl7.org/fhir/StructureDefinition/operationoutcome-issue-source"><valueString value="InstanceValidator"/></extension><extension url="http://hl7.org/fhir/StructureDefinition/operationoutcome-message-id"><valueCode value="Type_Specific_Checks_DT_URL_Resolve"/></extension><severity value="error"/><code value="structure"/><details><text value="URL value 'http://hl7.org/fhir/tools/StructureDefinition/ig-page-name' does not resolve"/></details><expression value="ImplementationGuide/cms.fhir.mct: ImplementationGuide.definition.page.page[1].extension[0].url"/></issue><issue><extension url="http://hl7.org/fhir/StructureDefinition/operationoutcome-issue-line"><valueInteger value="1"/></extension><extension url="http://hl7.org/fhir/StructureDefinition/operationoutcome-issue-col"><valueInteger value="15204"/></extension><extension url="http://hl7.org/fhir/StructureDefinition/operationoutcome-issue-source"><valueString value="InstanceValidator"/></extension><extension url="http://hl7.org/fhir/StructureDefinition/operationoutcome-message-id"><valueCode value="Type_Specific_Checks_DT_URL_Resolve"/></extension><severity value="error"/><code value="structure"/><details><text value="URL value 'http://hl7.org/fhir/tools/StructureDefinition/ig-page-name' does not resolve"/></details><expression value="ImplementationGuide/cms.fhir.mct: ImplementationGuide.definition.page.page[2].extension[0].url"/></issue><issue><extension url="http://hl7.org/fhir/StructureDefinition/operationoutcome-issue-line"><valueInteger value="1"/></extension><extension url="http://hl7.org/fhir/StructureDefinition/operationoutcome-issue-col"><valueInteger value="15427"/></extension><extension url="http://hl7.org/fhir/StructureDefinition/operationoutcome-issue-source"><valueString value="InstanceValidator"/></extension><extension url="http://hl7.org/fhir/StructureDefinition/operationoutcome-message-id"><valueCode value="Type_Specific_Checks_DT_URL_Resolve"/></extension><severity value="error"/><code value="structure"/><details><text value="URL value 'http://hl7.org/fhir/tools/StructureDefinition/ig-page-name' does not resolve"/></details><expression value="ImplementationGuide/cms.fhir.mct: ImplementationGuide.definition.page.page[3].extension[0].url"/></issue><issue><extension url="http://hl7.org/fhir/StructureDefinition/operationoutcome-issue-line"><valueInteger value="1"/></extension><extension url="http://hl7.org/fhir/StructureDefinition/operationoutcome-issue-col"><valueInteger value="15644"/></extension><extension url="http://hl7.org/fhir/StructureDefinition/operationoutcome-issue-source"><valueString value="InstanceValidator"/></extension><extension url="http://hl7.org/fhir/StructureDefinition/operationoutcome-message-id"><valueCode value="Type_Specific_Checks_DT_URL_Resolve"/></extension><severity value="error"/><code value="structure"/><details><text value="URL value 'http://hl7.org/fhir/tools/StructureDefinition/ig-page-name' does not resolve"/></details><expression value="ImplementationGuide/cms.fhir.mct: ImplementationGuide.definition.page.page[4].extension[0].url"/></issue><issue><extension url="http://hl7.org/fhir/StructureDefinition/operationoutcome-issue-line"><valueInteger value="1"/></extension><extension url="http://hl7.org/fhir/StructureDefinition/operationoutcome-issue-col"><valueInteger value="15831"/></extension><extension url="http://hl7.org/fhir/StructureDefinition/operationoutcome-issue-source"><valueString value="InstanceValidator"/></extension><extension url="http://hl7.org/fhir/StructureDefinition/operationoutcome-message-id"><valueCode value="Type_Specific_Checks_DT_URL_Resolve"/></extension><severity value="error"/><code value="structure"/><details><text value="URL value 'http://hl7.org/fhir/tools/StructureDefinition/ig-page-name' does not resolve"/></details><expression value="ImplementationGuide/cms.fhir.mct: ImplementationGuide.definition.page.page[5].extension[0].url"/></issue><issue><extension url="http://hl7.org/fhir/StructureDefinition/operationoutcome-issue-line"><valueInteger value="1"/></extension><extension url="http://hl7.org/fhir/StructureDefinition/operationoutcome-issue-col"><valueInteger value="16015"/></extension><extension url="http://hl7.org/fhir/StructureDefinition/operationoutcome-issue-source"><valueString value="InstanceValidator"/></extension><extension url="http://hl7.org/fhir/StructureDefinition/operationoutcome-message-id"><valueCode value="Type_Specific_Checks_DT_URL_Resolve"/></extension><severity value="error"/><code value="structure"/><details><text value="URL value 'http://hl7.org/fhir/tools/StructureDefinition/ig-page-name' does not resolve"/></details><expression value="ImplementationGuide/cms.fhir.mct: ImplementationGuide.definition.page.page[6].extension[0].url"/></issue><issue><extension url="http://hl7.org/fhir/StructureDefinition/operationoutcome-issue-line"><valueInteger value="1"/></extension><extension url="http://hl7.org/fhir/StructureDefinition/operationoutcome-issue-col"><valueInteger value="16202"/></extension><extension url="http://hl7.org/fhir/StructureDefinition/operationoutcome-issue-source"><valueString value="InstanceValidator"/></extension><extension url="http://hl7.org/fhir/StructureDefinition/operationoutcome-message-id"><valueCode value="Type_Specific_Checks_DT_URL_Resolve"/></extension><severity value="error"/><code value="structure"/><details><text value="URL value 'http://hl7.org/fhir/tools/StructureDefinition/ig-page-name' does not resolve"/></details><expression value="ImplementationGuide/cms.fhir.mct: ImplementationGuide.definition.page.page[7].extension[0].url"/></issue><issue><extension url="http://hl7.org/fhir/StructureDefinition/operationoutcome-issue-line"><valueInteger value="1"/></extension><extension url="http://hl7.org/fhir/StructureDefinition/operationoutcome-issue-col"><valueInteger value="16380"/></extension><extension url="http://hl7.org/fhir/StructureDefinition/operationoutcome-issue-source"><valueString value="InstanceValidator"/></extension><extension url="http://hl7.org/fhir/StructureDefinition/operationoutcome-message-id"><valueCode value="Type_Specific_Checks_DT_URL_Resolve"/></extension><severity value="error"/><code value="structure"/><details><text value="URL value 'http://hl7.org/fhir/tools/StructureDefinition/ig-page-name' does not resolve"/></details><expression value="ImplementationGuide/cms.fhir.mct: ImplementationGuide.definition.page.page[8].extension[0].url"/></issue></OperationOutcome></resource></entry><entry><resource><OperationOutcome><extension url="http://hl7.org/fhir/StructureDefinition/operationoutcome-file"><valueString value="C:\Users\Bryn\Documents\Src\Yale\mct-ig\input\resources\Endpoint-example"/></extension></OperationOutcome></resource></entry><entry><resource><OperationOutcome><extension url="http://hl7.org/fhir/StructureDefinition/operationoutcome-file"><valueString value="C:\Users\Bryn\Documents\Src\Yale\mct-ig\input\resources\Location-acme-north"/></extension></OperationOutcome></resource></entry><entry><resource><OperationOutcome><extension url="http://hl7.org/fhir/StructureDefinition/operationoutcome-file"><valueString value="C:\Users\Bryn\Documents\Src\Yale\mct-ig\input\resources\Location-acme-south"/></extension></OperationOutcome></resource></entry><entry><resource><OperationOutcome><extension url="http://hl7.org/fhir/StructureDefinition/operationoutcome-file"><valueString value="C:\Users\Bryn\Documents\Src\Yale\mct-ig\input\resources\OperationDefinition-gather"/></extension></OperationOutcome></resource></entry><entry><resource><OperationOutcome><extension url="http://hl7.org/fhir/StructureDefinition/operationoutcome-file"><valueString value="C:\Users\Bryn\Documents\Src\Yale\mct-ig\input\resources\Organization-acme"/></extension><issue><extension url="http://hl7.org/fhir/StructureDefinition/operationoutcome-issue-line"><valueInteger value="9"/></extension><extension url="http://hl7.org/fhir/StructureDefinition/operationoutcome-issue-col"><valueInteger value="10"/></extension><extension url="http://hl7.org/fhir/StructureDefinition/operationoutcome-issue-source"><valueString value="InstanceValidator"/></extension><severity value="error"/><code value="structure"/><details><text value="Unrecognized property 'reference'"/></details><expression value="Organization.extension[0]"/></issue><issue><extension url="http://hl7.org/fhir/StructureDefinition/operationoutcome-issue-line"><valueInteger value="7"/></extension><extension url="http://hl7.org/fhir/StructureDefinition/operationoutcome-issue-col"><valueInteger value="6"/></extension><extension url="http://hl7.org/fhir/StructureDefinition/operationoutcome-issue-source"><valueString value="InstanceValidator"/></extension><extension url="http://hl7.org/fhir/StructureDefinition/operationoutcome-message-id"><valueCode value="Rule ext-1: 'Must have either extensions or value[x], not both' Failed"/></extension><severity value="error"/><code value="invariant"/><details><text value="Rule ext-1: 'Must have either extensions or value[x], not both' Failed"/></details><expression value="Organization/acme: Organization.extension[0]"/></issue><issue><extension url="http://hl7.org/fhir/StructureDefinition/operationoutcome-issue-line"><valueInteger value="7"/></extension><extension url="http://hl7.org/fhir/StructureDefinition/operationoutcome-issue-col"><valueInteger value="6"/></extension><extension url="http://hl7.org/fhir/StructureDefinition/operationoutcome-issue-source"><valueString value="InstanceValidator"/></extension><extension url="http://hl7.org/fhir/StructureDefinition/operationoutcome-message-id"><valueCode value="Extension_EXT_Unknown_NotHere"/></extension><severity value="error"/><code value="structure"/><details><text value="The extension http://cms.gov/fhir/mct/StructureDefinition/mct-receivingSystemEndpoint is unknown, and not allowed here"/></details><expression value="Organization/acme: Organization.extension[0]"/></issue></OperationOutcome></resource></entry><entry><resource><OperationOutcome><extension url="http://hl7.org/fhir/StructureDefinition/operationoutcome-file"><valueString value="C:\Users\Bryn\Documents\Src\Yale\mct-ig\input\resources\library\DischargedonAntithromboticTherapyQICore4"/></extension><issue><extension url="http://hl7.org/fhir/StructureDefinition/operationoutcome-issue-source"><valueString value="ProfileValidator"/></extension><extension url="http://hl7.org/fhir/StructureDefinition/operationoutcome-message-id"><valueCode value="RESOURCE_CANONICAL_MISMATCH"/></extension><severity value="error"/><code value="structure"/><details><text value="Conformance resource C:\Users\Bryn\Documents\Src\Yale\mct-ig\input\resources\library\DischargedonAntithromboticTherapyQICore4.json - the canonical URL (http://cms.gov/fhir/mct/Library/DischargedonAntithromboticTherapyQICore4) does not match the URL (http://ecqi.healthit.gov/ecqms/Library/DischargedonAntithromboticTherapyQICore4)"/></details><expression value="Library.where(url = 'http://ecqi.healthit.gov/ecqms/Library/DischargedonAntithromboticTherapyQICore4')"/></issue><issue><extension url="http://hl7.org/fhir/StructureDefinition/operationoutcome-issue-line"><valueInteger value="1"/></extension><extension url="http://hl7.org/fhir/StructureDefinition/operationoutcome-issue-col"><valueInteger value="434"/></extension><extension url="http://hl7.org/fhir/StructureDefinition/operationoutcome-issue-source"><valueString value="InstanceValidator"/></extension><severity value="information"/><code value="informational"/><details><text value="This element does not match any known slice defined in the profile http://hl7.org/fhir/us/cqfmeasures/StructureDefinition/computable-library-cqfm|3.0.0"/></details><expression value="Library/DischargedonAntithromboticTherapyQICore4: Library.extension[0]"/></issue><issue><extension url="http://hl7.org/fhir/StructureDefinition/operationoutcome-issue-line"><valueInteger value="1"/></extension><extension url="http://hl7.org/fhir/StructureDefinition/operationoutcome-issue-col"><valueInteger value="433"/></extension><extension url="http://hl7.org/fhir/StructureDefinition/operationoutcome-issue-source"><valueString value="InstanceValidator"/></extension><extension url="http://hl7.org/fhir/StructureDefinition/operationoutcome-message-id"><valueCode value="Reference_REF_CantResolve"/></extension><severity value="error"/><code value="structure"/><details><text value="Unable to resolve resource with reference 'Device/cqf-tooling'"/></details><expression value="Library/DischargedonAntithromboticTherapyQICore4: Library.extension[0].value.ofType(Reference)"/></issue><issue><extension url="http://hl7.org/fhir/StructureDefinition/operationoutcome-issue-source"><valueString value="Publisher"/></extension><severity value="error"/><code value="business-rule"/><details><text value="URL Mismatch http://cms.gov/fhir/mct/Library/DischargedonAntithromboticTherapyQICore4 vs http://ecqi.healthit.gov/ecqms/Library/DischargedonAntithromboticTherapyQICore4"/></details><expression value="C:\Users\Bryn\Documents\Src\Yale\mct-ig\input\resources\library\DischargedonAntithromboticTherapyQICore4"/></issue></OperationOutcome></resource></entry><entry><resource><OperationOutcome><extension url="http://hl7.org/fhir/StructureDefinition/operationoutcome-file"><valueString value="C:\Users\Bryn\Documents\Src\Yale\mct-ig\input\resources\library\FHIRHelpers"/></extension><issue><extension url="http://hl7.org/fhir/StructureDefinition/operationoutcome-issue-source"><valueString value="ProfileValidator"/></extension><extension url="http://hl7.org/fhir/StructureDefinition/operationoutcome-message-id"><valueCode value="RESOURCE_CANONICAL_MISMATCH"/></extension><severity value="error"/><code value="structure"/><details><text value="Conformance resource C:\Users\Bryn\Documents\Src\Yale\mct-ig\input\resources\library\FHIRHelpers.json - the canonical URL (http://cms.gov/fhir/mct/Library/FHIRHelpers) does not match the URL (http://hl7.org/fhir/Library/FHIRHelpers)"/></details><expression value="Library.where(url = 'http://hl7.org/fhir/Library/FHIRHelpers')"/></issue><issue><extension url="http://hl7.org/fhir/StructureDefinition/operationoutcome-issue-line"><valueInteger value="1"/></extension><extension url="http://hl7.org/fhir/StructureDefinition/operationoutcome-issue-col"><valueInteger value="37056"/></extension><extension url="http://hl7.org/fhir/StructureDefinition/operationoutcome-issue-source"><valueString value="InstanceValidator"/></extension><extension url="http://hl7.org/fhir/StructureDefinition/operationoutcome-message-id"><valueCode value="Validation_VAL_Profile_Minimum"/></extension><severity value="error"/><code value="structure"/><details><text value="Library.type: minimum required = 1, but only found 0 (from http://hl7.org/fhir/StructureDefinition/Library|4.0.1)"/></details><expression value="Library/FHIRHelpers: Library"/></issue><issue><extension url="http://hl7.org/fhir/StructureDefinition/operationoutcome-issue-line"><valueInteger value="1"/></extension><extension url="http://hl7.org/fhir/StructureDefinition/operationoutcome-issue-col"><valueInteger value="194"/></extension><extension url="http://hl7.org/fhir/StructureDefinition/operationoutcome-issue-source"><valueString value="InstanceValidator"/></extension><extension url="http://hl7.org/fhir/StructureDefinition/operationoutcome-message-id"><valueCode value="Reference_REF_CantResolve"/></extension><severity value="error"/><code value="structure"/><details><text value="Unable to resolve resource with reference 'Device/cqf-tooling'"/></details><expression value="Library/FHIRHelpers: Library.extension[0].value.ofType(Reference)"/></issue><issue><extension url="http://hl7.org/fhir/StructureDefinition/operationoutcome-issue-source"><valueString value="Publisher"/></extension><severity value="error"/><code value="business-rule"/><details><text value="URL Mismatch http://cms.gov/fhir/mct/Library/FHIRHelpers vs http://hl7.org/fhir/Library/FHIRHelpers"/></details><expression value="C:\Users\Bryn\Documents\Src\Yale\mct-ig\input\resources\library\FHIRHelpers"/></issue></OperationOutcome></resource></entry><entry><resource><OperationOutcome><extension url="http://hl7.org/fhir/StructureDefinition/operationoutcome-file"><valueString value="C:\Users\Bryn\Documents\Src\Yale\mct-ig\input\resources\library\MATGlobalCommonFunctionsQICore4"/></extension><issue><extension url="http://hl7.org/fhir/StructureDefinition/operationoutcome-issue-source"><valueString value="ProfileValidator"/></extension><extension url="http://hl7.org/fhir/StructureDefinition/operationoutcome-message-id"><valueCode value="RESOURCE_CANONICAL_MISMATCH"/></extension><severity value="error"/><code value="structure"/><details><text value="Conformance resource C:\Users\Bryn\Documents\Src\Yale\mct-ig\input\resources\library\MATGlobalCommonFunctionsQICore4.json - the canonical URL (http://cms.gov/fhir/mct/Library/MATGlobalCommonFunctionsQICore4) does not match the URL (http://ecqi.healthit.gov/ecqms/Library/MATGlobalCommonFunctionsQICore4)"/></details><expression value="Library.where(url = 'http://ecqi.healthit.gov/ecqms/Library/MATGlobalCommonFunctionsQICore4')"/></issue><issue><extension url="http://hl7.org/fhir/StructureDefinition/operationoutcome-issue-line"><valueInteger value="1"/></extension><extension url="http://hl7.org/fhir/StructureDefinition/operationoutcome-issue-col"><valueInteger value="24555"/></extension><extension url="http://hl7.org/fhir/StructureDefinition/operationoutcome-issue-source"><valueString value="InstanceValidator"/></extension><extension url="http://hl7.org/fhir/StructureDefinition/operationoutcome-message-id"><valueCode value="Validation_VAL_Profile_Minimum"/></extension><severity value="error"/><code value="structure"/><details><text value="Library.type: minimum required = 1, but only found 0 (from http://hl7.org/fhir/StructureDefinition/Library|4.0.1)"/></details><expression value="Library/MATGlobalCommonFunctionsQICore4: Library"/></issue><issue><extension url="http://hl7.org/fhir/StructureDefinition/operationoutcome-issue-line"><valueInteger value="1"/></extension><extension url="http://hl7.org/fhir/StructureDefinition/operationoutcome-issue-col"><valueInteger value="214"/></extension><extension url="http://hl7.org/fhir/StructureDefinition/operationoutcome-issue-source"><valueString value="InstanceValidator"/></extension><extension url="http://hl7.org/fhir/StructureDefinition/operationoutcome-message-id"><valueCode value="Reference_REF_CantResolve"/></extension><severity value="error"/><code value="structure"/><details><text value="Unable to resolve resource with reference 'Device/cqf-tooling'"/></details><expression value="Library/MATGlobalCommonFunctionsQICore4: Library.extension[0].value.ofType(Reference)"/></issue><issue><extension url="http://hl7.org/fhir/StructureDefinition/operationoutcome-issue-source"><valueString value="Publisher"/></extension><severity value="error"/><code value="business-rule"/><details><text value="URL Mismatch http://cms.gov/fhir/mct/Library/MATGlobalCommonFunctionsQICore4 vs http://ecqi.healthit.gov/ecqms/Library/MATGlobalCommonFunctionsQICore4"/></details><expression value="C:\Users\Bryn\Documents\Src\Yale\mct-ig\input\resources\library\MATGlobalCommonFunctionsQICore4"/></issue></OperationOutcome></resource></entry><entry><resource><OperationOutcome><extension url="http://hl7.org/fhir/StructureDefinition/operationoutcome-file"><valueString value="C:\Users\Bryn\Documents\Src\Yale\mct-ig\input\resources\library\QICoreCommon"/></extension><issue><extension url="http://hl7.org/fhir/StructureDefinition/operationoutcome-issue-line"><valueInteger value="1"/></extension><extension url="http://hl7.org/fhir/StructureDefinition/operationoutcome-issue-col"><valueInteger value="29031"/></extension><extension url="http://hl7.org/fhir/StructureDefinition/operationoutcome-issue-source"><valueString value="InstanceValidator"/></extension><extension url="http://hl7.org/fhir/StructureDefinition/operationoutcome-message-id"><valueCode value="Validation_VAL_Profile_Minimum"/></extension><severity value="error"/><code value="structure"/><details><text value="Library.type: minimum required = 1, but only found 0 (from http://hl7.org/fhir/StructureDefinition/Library|4.0.1)"/></details><expression value="Library/QICoreCommon: Library"/></issue><issue><extension url="http://hl7.org/fhir/StructureDefinition/operationoutcome-issue-line"><valueInteger value="1"/></extension><extension url="http://hl7.org/fhir/StructureDefinition/operationoutcome-issue-col"><valueInteger value="195"/></extension><extension url="http://hl7.org/fhir/StructureDefinition/operationoutcome-issue-source"><valueString value="InstanceValidator"/></extension><extension url="http://hl7.org/fhir/StructureDefinition/operationoutcome-message-id"><valueCode value="Reference_REF_CantResolve"/></extension><severity value="error"/><code value="structure"/><details><text value="Unable to resolve resource with reference 'Device/cqf-tooling'"/></details><expression value="Library/QICoreCommon: Library.extension[0].value.ofType(Reference)"/></issue></OperationOutcome></resource></entry><entry><resource><OperationOutcome><extension url="http://hl7.org/fhir/StructureDefinition/operationoutcome-file"><valueString value="C:\Users\Bryn\Documents\Src\Yale\mct-ig\input\resources\library\QiCoreProfilePatterns"/></extension><issue><extension url="http://hl7.org/fhir/StructureDefinition/operationoutcome-issue-line"><valueInteger value="1"/></extension><extension url="http://hl7.org/fhir/StructureDefinition/operationoutcome-issue-col"><valueInteger value="17458"/></extension><extension url="http://hl7.org/fhir/StructureDefinition/operationoutcome-issue-source"><valueString value="InstanceValidator"/></extension><extension url="http://hl7.org/fhir/StructureDefinition/operationoutcome-message-id"><valueCode value="Validation_VAL_Profile_Minimum"/></extension><severity value="error"/><code value="structure"/><details><text value="Library.type: minimum required = 1, but only found 0 (from http://hl7.org/fhir/StructureDefinition/Library|4.0.1)"/></details><expression value="Library/QiCoreProfilePatterns: Library"/></issue><issue><extension url="http://hl7.org/fhir/StructureDefinition/operationoutcome-issue-line"><valueInteger value="1"/></extension><extension url="http://hl7.org/fhir/StructureDefinition/operationoutcome-issue-col"><valueInteger value="204"/></extension><extension url="http://hl7.org/fhir/StructureDefinition/operationoutcome-issue-source"><valueString value="InstanceValidator"/></extension><extension url="http://hl7.org/fhir/StructureDefinition/operationoutcome-message-id"><valueCode value="Reference_REF_CantResolve"/></extension><severity value="error"/><code value="structure"/><details><text value="Unable to resolve resource with reference 'Device/cqf-tooling'"/></details><expression value="Library/QiCoreProfilePatterns: Library.extension[0].value.ofType(Reference)"/></issue></OperationOutcome></resource></entry><entry><resource><OperationOutcome><extension url="http://hl7.org/fhir/StructureDefinition/operationoutcome-file"><valueString value="C:\Users\Bryn\Documents\Src\Yale\mct-ig\input\resources\library\QiCoreProfileValidation"/></extension><issue><extension url="http://hl7.org/fhir/StructureDefinition/operationoutcome-issue-line"><valueInteger value="1"/></extension><extension url="http://hl7.org/fhir/StructureDefinition/operationoutcome-issue-col"><valueInteger value="5420"/></extension><extension url="http://hl7.org/fhir/StructureDefinition/operationoutcome-issue-source"><valueString value="InstanceValidator"/></extension><extension url="http://hl7.org/fhir/StructureDefinition/operationoutcome-message-id"><valueCode value="Validation_VAL_Profile_Minimum"/></extension><severity value="error"/><code value="structure"/><details><text value="Library.type: minimum required = 1, but only found 0 (from http://hl7.org/fhir/StructureDefinition/Library|4.0.1)"/></details><expression value="Library/QiCoreProfileValidation: Library"/></issue><issue><extension url="http://hl7.org/fhir/StructureDefinition/operationoutcome-issue-line"><valueInteger value="1"/></extension><extension url="http://hl7.org/fhir/StructureDefinition/operationoutcome-issue-col"><valueInteger value="206"/></extension><extension url="http://hl7.org/fhir/StructureDefinition/operationoutcome-issue-source"><valueString value="InstanceValidator"/></extension><extension url="http://hl7.org/fhir/StructureDefinition/operationoutcome-message-id"><valueCode value="Reference_REF_CantResolve"/></extension><severity value="error"/><code value="structure"/><details><text value="Unable to resolve resource with reference 'Device/cqf-tooling'"/></details><expression value="Library/QiCoreProfileValidation: Library.extension[0].value.ofType(Reference)"/></issue></OperationOutcome></resource></entry><entry><resource><OperationOutcome><extension url="http://hl7.org/fhir/StructureDefinition/operationoutcome-file"><valueString value="C:\Users\Bryn\Documents\Src\Yale\mct-ig\input\resources\library\SupplementalDataElementsQICore4"/></extension><issue><extension url="http://hl7.org/fhir/StructureDefinition/operationoutcome-issue-source"><valueString value="ProfileValidator"/></extension><extension url="http://hl7.org/fhir/StructureDefinition/operationoutcome-message-id"><valueCode value="RESOURCE_CANONICAL_MISMATCH"/></extension><severity value="error"/><code value="structure"/><details><text value="Conformance resource C:\Users\Bryn\Documents\Src\Yale\mct-ig\input\resources\library\SupplementalDataElementsQICore4.json - the canonical URL (http://cms.gov/fhir/mct/Library/SupplementalDataElementsQICore4) does not match the URL (http://ecqi.healthit.gov/ecqms/Library/SupplementalDataElementsQICore4)"/></details><expression value="Library.where(url = 'http://ecqi.healthit.gov/ecqms/Library/SupplementalDataElementsQICore4')"/></issue><issue><extension url="http://hl7.org/fhir/StructureDefinition/operationoutcome-issue-line"><valueInteger value="1"/></extension><extension url="http://hl7.org/fhir/StructureDefinition/operationoutcome-issue-col"><valueInteger value="126273"/></extension><extension url="http://hl7.org/fhir/StructureDefinition/operationoutcome-issue-source"><valueString value="InstanceValidator"/></extension><extension url="http://hl7.org/fhir/StructureDefinition/operationoutcome-message-id"><valueCode value="Validation_VAL_Profile_Minimum"/></extension><severity value="error"/><code value="structure"/><details><text value="Library.type: minimum required = 1, but only found 0 (from http://hl7.org/fhir/StructureDefinition/Library|4.0.1)"/></details><expression value="Library/SupplementalDataElementsQICore4: Library"/></issue><issue><extension url="http://hl7.org/fhir/StructureDefinition/operationoutcome-issue-line"><valueInteger value="1"/></extension><extension url="http://hl7.org/fhir/StructureDefinition/operationoutcome-issue-col"><valueInteger value="214"/></extension><extension url="http://hl7.org/fhir/StructureDefinition/operationoutcome-issue-source"><valueString value="InstanceValidator"/></extension><extension url="http://hl7.org/fhir/StructureDefinition/operationoutcome-message-id"><valueCode value="Reference_REF_CantResolve"/></extension><severity value="error"/><code value="structure"/><details><text value="Unable to resolve resource with reference 'Device/cqf-tooling'"/></details><expression value="Library/SupplementalDataElementsQICore4: Library.extension[0].value.ofType(Reference)"/></issue><issue><extension url="http://hl7.org/fhir/StructureDefinition/operationoutcome-issue-line"><valueInteger value="1"/></extension><extension url="http://hl7.org/fhir/StructureDefinition/operationoutcome-issue-col"><valueInteger value="768"/></extension><extension url="http://hl7.org/fhir/StructureDefinition/operationoutcome-issue-source"><valueString value="InstanceValidator"/></extension><extension url="http://hl7.org/fhir/StructureDefinition/operationoutcome-message-id"><valueCode value="TYPE_SPECIFIC_CHECKS_DT_CANONICAL_RESOLVE"/></extension><severity value="error"/><code value="structure"/><details><text value="Canonical URL 'http://hl7.org/fhir/Library/QICore-ModelInfo' does not resolve"/></details><expression value="Library/SupplementalDataElementsQICore4: Library.relatedArtifact[0].resource"/></issue><issue><extension url="http://hl7.org/fhir/StructureDefinition/operationoutcome-issue-source"><valueString value="Publisher"/></extension><severity value="error"/><code value="business-rule"/><details><text value="URL Mismatch http://cms.gov/fhir/mct/Library/SupplementalDataElementsQICore4 vs http://ecqi.healthit.gov/ecqms/Library/SupplementalDataElementsQICore4"/></details><expression value="C:\Users\Bryn\Documents\Src\Yale\mct-ig\input\resources\library\SupplementalDataElementsQICore4"/></issue></OperationOutcome></resource></entry><entry><resource><OperationOutcome><extension url="http://hl7.org/fhir/StructureDefinition/operationoutcome-file"><valueString value="C:\Users\Bryn\Documents\Src\Yale\mct-ig\input\resources\measure\DischargedonAntithromboticTherapyQICore4"/></extension><issue><extension url="http://hl7.org/fhir/StructureDefinition/operationoutcome-issue-source"><valueString value="ProfileValidator"/></extension><extension url="http://hl7.org/fhir/StructureDefinition/operationoutcome-message-id"><valueCode value="RESOURCE_CANONICAL_MISMATCH"/></extension><severity value="error"/><code value="structure"/><details><text value="Conformance resource C:\Users\Bryn\Documents\Src\Yale\mct-ig\input\resources\measure\DischargedonAntithromboticTherapyQICore4.json - the canonical URL (http://cms.gov/fhir/mct/Measure/DischargedonAntithromboticTherapyQICore4) does not match the URL (http://ecqi.healthit.gov/ecqms/Measure/DischargedonAntithromboticTherapyQICore4)"/></details><expression value="Measure.where(url = 'http://ecqi.healthit.gov/ecqms/Measure/DischargedonAntithromboticTherapyQICore4')"/></issue><issue><extension url="http://hl7.org/fhir/StructureDefinition/operationoutcome-issue-line"><valueInteger value="1"/></extension><extension url="http://hl7.org/fhir/StructureDefinition/operationoutcome-issue-col"><valueInteger value="17732"/></extension><extension url="http://hl7.org/fhir/StructureDefinition/operationoutcome-issue-source"><valueString value="InstanceValidator"/></extension><severity value="information"/><code value="informational"/><details><text value="This element does not match any known slice defined in the profile http://hl7.org/fhir/us/cqfmeasures/StructureDefinition/proportion-measure-cqfm|3.0.0"/></details><expression value="Measure/DischargedonAntithromboticTherapyQICore4: Measure.extension[0]"/></issue><issue><extension url="http://hl7.org/fhir/StructureDefinition/operationoutcome-issue-line"><valueInteger value="1"/></extension><extension url="http://hl7.org/fhir/StructureDefinition/operationoutcome-issue-col"><valueInteger value="18062"/></extension><extension url="http://hl7.org/fhir/StructureDefinition/operationoutcome-issue-source"><valueString value="InstanceValidator"/></extension><severity value="information"/><code value="informational"/><details><text value="This element does not match any known slice defined in the profile http://hl7.org/fhir/us/cqfmeasures/StructureDefinition/proportion-measure-cqfm|3.0.0"/></details><expression value="Measure/DischargedonAntithromboticTherapyQICore4: Measure.extension[2]"/></issue><issue><extension url="http://hl7.org/fhir/StructureDefinition/operationoutcome-issue-line"><valueInteger value="1"/></extension><extension url="http://hl7.org/fhir/StructureDefinition/operationoutcome-issue-col"><valueInteger value="17868"/></extension><extension url="http://hl7.org/fhir/StructureDefinition/operationoutcome-issue-source"><valueString value="InstanceValidator"/></extension><extension url="http://hl7.org/fhir/StructureDefinition/operationoutcome-message-id"><valueCode value="Reference_REF_CantResolve"/></extension><severity value="error"/><code value="structure"/><details><text value="Unable to resolve resource with reference 'Device/cqf-tooling'"/></details><expression value="Measure/DischargedonAntithromboticTherapyQICore4: Measure.extension[1].value.ofType(Reference)"/></issue><issue><extension url="http://hl7.org/fhir/StructureDefinition/operationoutcome-issue-line"><valueInteger value="1"/></extension><extension url="http://hl7.org/fhir/StructureDefinition/operationoutcome-issue-col"><valueInteger value="18247"/></extension><extension url="http://hl7.org/fhir/StructureDefinition/operationoutcome-issue-source"><valueString value="InstanceValidator"/></extension><extension url="http://hl7.org/fhir/StructureDefinition/operationoutcome-message-id"><valueCode value="Type_Specific_Checks_DT_URL_Resolve"/></extension><severity value="error"/><code value="structure"/><details><text value="URL value 'http://hl7.org/fhir/cqi/ecqm/Measure/Identifier/guid' does not resolve"/></details><expression value="Measure/DischargedonAntithromboticTherapyQICore4: Measure.identifier[0].system"/></issue><issue><extension url="http://hl7.org/fhir/StructureDefinition/operationoutcome-issue-line"><valueInteger value="1"/></extension><extension url="http://hl7.org/fhir/StructureDefinition/operationoutcome-issue-col"><valueInteger value="18376"/></extension><extension url="http://hl7.org/fhir/StructureDefinition/operationoutcome-issue-source"><valueString value="InstanceValidator"/></extension><extension url="http://hl7.org/fhir/StructureDefinition/operationoutcome-message-id"><valueCode value="Type_Specific_Checks_DT_URL_Resolve"/></extension><severity value="error"/><code value="structure"/><details><text value="URL value 'http://hl7.org/fhir/cqi/ecqm/Measure/Identifier/cms' does not resolve"/></details><expression value="Measure/DischargedonAntithromboticTherapyQICore4: Measure.identifier[1].system"/></issue><issue><extension url="http://hl7.org/fhir/StructureDefinition/operationoutcome-issue-line"><valueInteger value="1"/></extension><extension url="http://hl7.org/fhir/StructureDefinition/operationoutcome-issue-col"><valueInteger value="24181"/></extension><extension url="http://hl7.org/fhir/StructureDefinition/operationoutcome-issue-source"><valueString value="InstanceValidator"/></extension><extension url="http://hl7.org/fhir/StructureDefinition/operationoutcome-message-id"><valueCode value="Rule cqm-4: 'Group population criteria SHOULD be simple expression names found within the primary library for the measure. The criteria SHOULD NOT include a namespace.' Failed"/></extension><severity value="warning"/><code value="invariant"/><details><text value="Rule cqm-4: 'Group population criteria SHOULD be simple expression names found within the primary library for the measure. The criteria SHOULD NOT include a namespace.' Failed"/></details><expression value="Measure/DischargedonAntithromboticTherapyQICore4: Measure.group[0].population[0].criteria"/></issue><issue><extension url="http://hl7.org/fhir/StructureDefinition/operationoutcome-issue-line"><valueInteger value="1"/></extension><extension url="http://hl7.org/fhir/StructureDefinition/operationoutcome-issue-col"><valueInteger value="24537"/></extension><extension url="http://hl7.org/fhir/StructureDefinition/operationoutcome-issue-source"><valueString value="InstanceValidator"/></extension><extension url="http://hl7.org/fhir/StructureDefinition/operationoutcome-message-id"><valueCode value="Rule cqm-4: 'Group population criteria SHOULD be simple expression names found within the primary library for the measure. The criteria SHOULD NOT include a namespace.' Failed"/></extension><severity value="warning"/><code value="invariant"/><details><text value="Rule cqm-4: 'Group population criteria SHOULD be simple expression names found within the primary library for the measure. The criteria SHOULD NOT include a namespace.' Failed"/></details><expression value="Measure/DischargedonAntithromboticTherapyQICore4: Measure.group[0].population[1].criteria"/></issue><issue><extension url="http://hl7.org/fhir/StructureDefinition/operationoutcome-issue-line"><valueInteger value="1"/></extension><extension url="http://hl7.org/fhir/StructureDefinition/operationoutcome-issue-col"><valueInteger value="25452"/></extension><extension url="http://hl7.org/fhir/StructureDefinition/operationoutcome-issue-source"><valueString value="InstanceValidator"/></extension><extension url="http://hl7.org/fhir/StructureDefinition/operationoutcome-message-id"><valueCode value="Rule cqm-4: 'Group population criteria SHOULD be simple expression names found within the primary library for the measure. The criteria SHOULD NOT include a namespace.' Failed"/></extension><severity value="warning"/><code value="invariant"/><details><text value="Rule cqm-4: 'Group population criteria SHOULD be simple expression names found within the primary library for the measure. The criteria SHOULD NOT include a namespace.' Failed"/></details><expression value="Measure/DischargedonAntithromboticTherapyQICore4: Measure.group[0].population[2].criteria"/></issue><issue><extension url="http://hl7.org/fhir/StructureDefinition/operationoutcome-issue-line"><valueInteger value="1"/></extension><extension url="http://hl7.org/fhir/StructureDefinition/operationoutcome-issue-col"><valueInteger value="25995"/></extension><extension url="http://hl7.org/fhir/StructureDefinition/operationoutcome-issue-source"><valueString value="InstanceValidator"/></extension><extension url="http://hl7.org/fhir/StructureDefinition/operationoutcome-message-id"><valueCode value="Rule cqm-4: 'Group population criteria SHOULD be simple expression names found within the primary library for the measure. The criteria SHOULD NOT include a namespace.' Failed"/></extension><severity value="warning"/><code value="invariant"/><details><text value="Rule cqm-4: 'Group population criteria SHOULD be simple expression names found within the primary library for the measure. The criteria SHOULD NOT include a namespace.' Failed"/></details><expression value="Measure/DischargedonAntithromboticTherapyQICore4: Measure.group[0].population[3].criteria"/></issue><issue><extension url="http://hl7.org/fhir/StructureDefinition/operationoutcome-issue-line"><valueInteger value="1"/></extension><extension url="http://hl7.org/fhir/StructureDefinition/operationoutcome-issue-col"><valueInteger value="26377"/></extension><extension url="http://hl7.org/fhir/StructureDefinition/operationoutcome-issue-source"><valueString value="InstanceValidator"/></extension><extension url="http://hl7.org/fhir/StructureDefinition/operationoutcome-message-id"><valueCode value="Rule cqm-4: 'Group population criteria SHOULD be simple expression names found within the primary library for the measure. The criteria SHOULD NOT include a namespace.' Failed"/></extension><severity value="warning"/><code value="invariant"/><details><text value="Rule cqm-4: 'Group population criteria SHOULD be simple expression names found within the primary library for the measure. The criteria SHOULD NOT include a namespace.' Failed"/></details><expression value="Measure/DischargedonAntithromboticTherapyQICore4: Measure.group[0].population[4].criteria"/></issue><issue><extension url="http://hl7.org/fhir/StructureDefinition/operationoutcome-issue-line"><valueInteger value="1"/></extension><extension url="http://hl7.org/fhir/StructureDefinition/operationoutcome-issue-col"><valueInteger value="26540"/></extension><extension url="http://hl7.org/fhir/StructureDefinition/operationoutcome-issue-source"><valueString value="InstanceValidator"/></extension><extension url="http://hl7.org/fhir/StructureDefinition/operationoutcome-message-id"><valueCode value="Terminology_TX_System_NotKnown"/></extension><severity value="information"/><code value="unknown"/><details><text value="Code System URI 'http://terminology.hl7.org/CodeSystem/measure-supplemental-data-example' is unknown so the code cannot be validated"/></details><expression value="Measure/DischargedonAntithromboticTherapyQICore4: Measure.supplementalData[0].code.coding[0]"/></issue><issue><extension url="http://hl7.org/fhir/StructureDefinition/operationoutcome-issue-line"><valueInteger value="1"/></extension><extension url="http://hl7.org/fhir/StructureDefinition/operationoutcome-issue-col"><valueInteger value="26907"/></extension><extension url="http://hl7.org/fhir/StructureDefinition/operationoutcome-issue-source"><valueString value="InstanceValidator"/></extension><extension url="http://hl7.org/fhir/StructureDefinition/operationoutcome-message-id"><valueCode value="Terminology_TX_System_NotKnown"/></extension><severity value="information"/><code value="unknown"/><details><text value="Code System URI 'http://terminology.hl7.org/CodeSystem/measure-supplemental-data-example' is unknown so the code cannot be validated"/></details><expression value="Measure/DischargedonAntithromboticTherapyQICore4: Measure.supplementalData[1].code.coding[0]"/></issue><issue><extension url="http://hl7.org/fhir/StructureDefinition/operationoutcome-issue-line"><valueInteger value="1"/></extension><extension url="http://hl7.org/fhir/StructureDefinition/operationoutcome-issue-col"><valueInteger value="27272"/></extension><extension url="http://hl7.org/fhir/StructureDefinition/operationoutcome-issue-source"><valueString value="InstanceValidator"/></extension><extension url="http://hl7.org/fhir/StructureDefinition/operationoutcome-message-id"><valueCode value="Terminology_TX_System_NotKnown"/></extension><severity value="information"/><code value="unknown"/><details><text value="Code System URI 'http://terminology.hl7.org/CodeSystem/measure-supplemental-data-example' is unknown so the code cannot be validated"/></details><expression value="Measure/DischargedonAntithromboticTherapyQICore4: Measure.supplementalData[2].code.coding[0]"/></issue><issue><extension url="http://hl7.org/fhir/StructureDefinition/operationoutcome-issue-source"><valueString value="Publisher"/></extension><severity value="error"/><code value="business-rule"/><details><text value="URL Mismatch http://cms.gov/fhir/mct/Measure/DischargedonAntithromboticTherapyQICore4 vs http://ecqi.healthit.gov/ecqms/Measure/DischargedonAntithromboticTherapyQICore4"/></details><expression value="C:\Users\Bryn\Documents\Src\Yale\mct-ig\input\resources\measure\DischargedonAntithromboticTherapyQICore4"/></issue></OperationOutcome></resource></entry><entry><resource><OperationOutcome><extension url="http://hl7.org/fhir/StructureDefinition/operationoutcome-file"><valueString value="C:\Users\Bryn\Documents\Src\Yale\mct-ig\input\resources\measure\QiCoreProfileValidation"/></extension><issue><extension url="http://hl7.org/fhir/StructureDefinition/operationoutcome-issue-line"><valueInteger value="1"/></extension><extension url="http://hl7.org/fhir/StructureDefinition/operationoutcome-issue-col"><valueInteger value="59969"/></extension><extension url="http://hl7.org/fhir/StructureDefinition/operationoutcome-issue-source"><valueString value="InstanceValidator"/></extension><severity value="information"/><code value="informational"/><details><text value="This element does not match any known slice defined in the profile http://hl7.org/fhir/us/cqfmeasures/StructureDefinition/cohort-measure-cqfm|3.0.0"/></details><expression value="Measure/QiCoreProfileValidation: Measure.extension[1]"/></issue><issue><extension url="http://hl7.org/fhir/StructureDefinition/operationoutcome-issue-line"><valueInteger value="1"/></extension><extension url="http://hl7.org/fhir/StructureDefinition/operationoutcome-issue-col"><valueInteger value="53424"/></extension><extension url="http://hl7.org/fhir/StructureDefinition/operationoutcome-issue-source"><valueString value="InstanceValidator"/></extension><extension url="http://hl7.org/fhir/StructureDefinition/operationoutcome-message-id"><valueCode value="Validation_VAL_Profile_Minimum"/></extension><severity value="error"/><code value="structure"/><details><text value="ParameterDefinition.type: minimum required = 1, but only found 0 (from http://hl7.org/fhir/StructureDefinition/ParameterDefinition|4.0.1)"/></details><expression value="Measure/QiCoreProfileValidation: Measure.contained[0]/*Library/effective-data-requirements*/.parameter[26]"/></issue><issue><extension url="http://hl7.org/fhir/StructureDefinition/operationoutcome-issue-line"><valueInteger value="1"/></extension><extension url="http://hl7.org/fhir/StructureDefinition/operationoutcome-issue-col"><valueInteger value="55453"/></extension><extension url="http://hl7.org/fhir/StructureDefinition/operationoutcome-issue-source"><valueString value="InstanceValidator"/></extension><extension url="http://hl7.org/fhir/StructureDefinition/operationoutcome-message-id"><valueCode value="Validation_VAL_Profile_Minimum"/></extension><severity value="error"/><code value="structure"/><details><text value="ParameterDefinition.type: minimum required = 1, but only found 0 (from http://hl7.org/fhir/StructureDefinition/ParameterDefinition|4.0.1)"/></details><expression value="Measure/QiCoreProfileValidation: Measure.contained[0]/*Library/effective-data-requirements*/.parameter[51]"/></issue><issue><extension url="http://hl7.org/fhir/StructureDefinition/operationoutcome-issue-line"><valueInteger value="1"/></extension><extension url="http://hl7.org/fhir/StructureDefinition/operationoutcome-issue-col"><valueInteger value="58248"/></extension><extension url="http://hl7.org/fhir/StructureDefinition/operationoutcome-issue-source"><valueString value="InstanceValidator"/></extension><extension url="http://hl7.org/fhir/StructureDefinition/operationoutcome-message-id"><valueCode value="Validation_VAL_Profile_Minimum"/></extension><severity value="error"/><code value="structure"/><details><text value="DataRequirement.type: minimum required = 1, but only found 0 (from http://hl7.org/fhir/StructureDefinition/DataRequirement|4.0.1)"/></details><expression value="Measure/QiCoreProfileValidation: Measure.contained[0]/*Library/effective-data-requirements*/.dataRequirement[24]"/></issue><issue><extension url="http://hl7.org/fhir/StructureDefinition/operationoutcome-issue-line"><valueInteger value="1"/></extension><extension url="http://hl7.org/fhir/StructureDefinition/operationoutcome-issue-col"><valueInteger value="59463"/></extension><extension url="http://hl7.org/fhir/StructureDefinition/operationoutcome-issue-source"><valueString value="InstanceValidator"/></extension><extension url="http://hl7.org/fhir/StructureDefinition/operationoutcome-message-id"><valueCode value="Validation_VAL_Profile_Minimum"/></extension><severity value="error"/><code value="structure"/><details><text value="DataRequirement.type: minimum required = 1, but only found 0 (from http://hl7.org/fhir/StructureDefinition/DataRequirement|4.0.1)"/></details><expression value="Measure/QiCoreProfileValidation: Measure.contained[0]/*Library/effective-data-requirements*/.dataRequirement[37]"/></issue><issue><extension url="http://hl7.org/fhir/StructureDefinition/operationoutcome-issue-line"><valueInteger value="1"/></extension><extension url="http://hl7.org/fhir/StructureDefinition/operationoutcome-issue-col"><valueInteger value="59775"/></extension><extension url="http://hl7.org/fhir/StructureDefinition/operationoutcome-issue-source"><valueString value="InstanceValidator"/></extension><extension url="http://hl7.org/fhir/StructureDefinition/operationoutcome-message-id"><valueCode value="Reference_REF_CantResolve"/></extension><severity value="error"/><code value="structure"/><details><text value="Unable to resolve resource with reference 'Device/cqf-tooling'"/></details><expression value="Measure/QiCoreProfileValidation: Measure.extension[0].value.ofType(Reference)"/></issue><issue><extension url="http://hl7.org/fhir/StructureDefinition/operationoutcome-issue-line"><valueInteger value="1"/></extension><extension url="http://hl7.org/fhir/StructureDefinition/operationoutcome-issue-col"><valueInteger value="59968"/></extension><extension url="http://hl7.org/fhir/StructureDefinition/operationoutcome-issue-source"><valueString value="InstanceValidator"/></extension><extension url="http://hl7.org/fhir/StructureDefinition/operationoutcome-message-id"><valueCode value="Reference_REF_CantMatchChoice"/></extension><severity value="error"/><code value="structure"/><details><text value="Unable to find a match for profile #effective-data-requirements among choices: http://hl7.org/fhir/us/cqfmeasures/StructureDefinition/module-definition-library-cqfm"/></details><expression value="Measure/QiCoreProfileValidation: Measure.extension[1].value.ofType(Reference)"/></issue><issue><extension url="http://hl7.org/fhir/StructureDefinition/operationoutcome-issue-line"><valueInteger value="1"/></extension><extension url="http://hl7.org/fhir/StructureDefinition/operationoutcome-issue-col"><valueInteger value="59968"/></extension><extension url="http://hl7.org/fhir/StructureDefinition/operationoutcome-issue-source"><valueString value="InstanceValidator"/></extension><severity value="information"/><code value="structure"/><details><text value="Details for #effective-data-requirements matching against profile http://hl7.org/fhir/us/cqfmeasures/StructureDefinition/module-definition-library-cqfm|3.0.0"/></details><expression value="Measure/QiCoreProfileValidation: Measure.extension[1].value.ofType(Reference)"/></issue><issue><extension url="http://hl7.org/fhir/StructureDefinition/operationoutcome-issue-line"><valueInteger value="1"/></extension><extension url="http://hl7.org/fhir/StructureDefinition/operationoutcome-issue-col"><valueInteger value="61468"/></extension><extension url="http://hl7.org/fhir/StructureDefinition/operationoutcome-issue-source"><valueString value="InstanceValidator"/></extension><extension url="http://hl7.org/fhir/StructureDefinition/operationoutcome-message-id"><valueCode value="Rule cqm-4: 'Group population criteria SHOULD be simple expression names found within the primary library for the measure. The criteria SHOULD NOT include a namespace.' Failed"/></extension><severity value="warning"/><code value="invariant"/><details><text value="Rule cqm-4: 'Group population criteria SHOULD be simple expression names found within the primary library for the measure. The criteria SHOULD NOT include a namespace.' Failed"/></details><expression value="Measure/QiCoreProfileValidation: Measure.group[0].population[0].criteria"/></issue><issue><extension url="http://hl7.org/fhir/StructureDefinition/operationoutcome-issue-line"><valueInteger value="1"/></extension><extension url="http://hl7.org/fhir/StructureDefinition/operationoutcome-issue-col"><valueInteger value="72425"/></extension><extension url="http://hl7.org/fhir/StructureDefinition/operationoutcome-issue-source"><valueString value="InstanceValidator"/></extension><extension url="http://hl7.org/fhir/StructureDefinition/operationoutcome-message-id"><valueCode value="Rule cmp-1: 'Population basis must be specified at the root, or on each group' Failed"/></extension><severity value="error"/><code value="invariant"/><details><text value="Rule cmp-1: 'Population basis must be specified at the root, or on each group' Failed"/></details><expression value="Measure/QiCoreProfileValidation: Measure"/></issue></OperationOutcome></resource></entry></Bundle>