{
  "resourceType" : "Endpoint",
  "id" : "example",
  "text" : {
    "status" : "generated",
    "div" : "<div xmlns=\"http://www.w3.org/1999/xhtml\"><p><b>Generated Narrative: Endpoint</b><a name=\"example\"> </a></p><div style=\"display: inline-block; background-color: #d9e0e7; padding: 6px; margin: 4px; border: 1px solid #8da1b4; border-radius: 5px; line-height: 60%\"><p style=\"margin-bottom: 0px\">Resource Endpoint &quot;example&quot; </p></div><p><b>status</b>: active</p><p><b>connectionType</b>: HL7 FHIR (Details: http://terminology.hl7.org/CodeSystem/endpoint-connection-type code hl7-fhir-rest = 'HL7 FHIR', stated as 'null')</p><p><b>payloadType</b>: Any <span style=\"background: LightGoldenRodYellow; margin: 4px; border: 1px solid khaki\"> (<a href=\"http://terminology.hl7.org/5.0.0/CodeSystem-endpoint-payload-type.html\">Endpoint Payload Type</a>#any)</span></p><p><b>payloadMimeType</b>: application/fhir+json</p><p><b>address</b>: <a href=\"http://cms.gov/fhir/mct/receiving\">http://cms.gov/fhir/mct/receiving</a></p></div>"
  },
  "status" : "active",
  "connectionType" : {
    "system" : "http://terminology.hl7.org/CodeSystem/endpoint-connection-type",
    "code" : "hl7-fhir-rest"
  },
  "payloadType" : [{
    "coding" : [{
      "system" : "http://terminology.hl7.org/CodeSystem/endpoint-payload-type",
      "code" : "any"
    }]
  }],
  "payloadMimeType" : ["application/fhir+json"],
  "address" : "http://cms.gov/fhir/mct/receiving"
}